id,brand_id,category_id,product_type,attribute_set_id,title,default_image,gallery_images,short_description,description,price,special_price,special_price_type,special_price_start,special_price_end,slug,sku,manage_stock,qty,weight,weight_unit,in_stock,viewed,is_approximate,is_active,is_deleted,seller_id,created_at,updated_at,meta_key,meta_value
7,1,2,simple,5,"Apache 2V",media/Pulsar150.jpg,"media/Pulsar150.jpg,media/61b9bf5f6b05b.png","Apache 2V","<p>&nbsp;</p>
<p>Apache 2V</p>",180000.00,,1,,,apache-2v,N15862v,1,5,152,kg,1,1,,1,0,26,"2021-12-15 10:48:51","2022-01-04 13:18:43",,
8,1,0,simple,,"Pulsar Twin Disk",media/Pulsar150.jpg,"media/Pulsar150.jpg,media/61b9bf5f6b05b.png","Pulsar Twin Disk","<p>&nbsp;</p>
<p>Pulsar Twin Disk</p>",195000.00,195000.00,1,,,pulsar-twin-disk-1,15sdfsdf,1,100,150,kg,1,1,,1,0,23,"2021-12-15 12:30:07","2022-01-04 13:18:40",,
9,0,36,simple,,"This is title will be go here.  This is title will be go here.  ",media/61b9bf5f6b05b.png,media/61b9bf5f7e2c5.jpg,"Lorem Ipsum is simply dummy text of the printing and typesetting industry. Lorem Ipsum has been the industry's standard dummy","Arif hossain",200.00,,1,,,this-is-tile,C-4874,1,100,20,gram,1,1,,1,0,8,"2021-12-15 12:48:35","2021-12-29 06:40:49",,
10,0,7,simple,,"This is product title will be go here.",media/61b9bf5f6b05b.png,media/61b9bf5f6b05b.png,"Lorem Ipsum is simply dummy text of the printing and typesetting industry. Lorem Ipsum has been the industry's standard dummy text ever since the 1500s,","<p>&nbsp;</p>
<p><strong style=""margin: 0px; padding: 0px; font-family: 'Open Sans', Arial, sans-serif; text-align: justify;"">Lorem Ipsum</strong><span style=""font-family: 'Open Sans', Arial, sans-serif; text-align: justify;"">&nbsp;is simply dummy text of the printing and typesetting industry. Lorem Ipsum has been the industry's standard dummy text ever since the 1500s,</span></p>",500.00,,1,,,test-from-admin-one22222-1,C-4885,1,85,20,gram,1,1,,1,0,26,"2021-12-22 11:24:31","2022-01-04 13:18:35",,
11,1,0,simple,,"This is title will be go here",media/61c30b19981f6.jpg,media/61c30b29c4647.jpg,"Added in compare list Lorem Ipsum is simply dummy text of the printing and typesetting industry. Lorem Ipsum has been the industry's standard dummy text ever since the 1500s,","<p>Added in compare list Lorem Ipsum is simply dummy text of the printing and typesetting industry. Lorem Ipsum has been the industry's standard dummy text ever since the 1500s,</p>",400.00,,1,,,added-in-compare,C-48777,1,84,20,gram,1,1,,1,0,26,"2021-12-22 11:26:06","2022-01-03 05:07:06",,
12,1,0,simple,,"This is title for product",media/61c30b87283dd.jpg,media/61c30b2a2eeb3.jpg,"Lorem Ipsum is simply dummy text of the printing and typesetting industry. Lorem Ipsum has been the industry's standard dummy text ever since the 1500s,","<p>&nbsp;</p>
<p><strong style=""margin: 0px; padding: 0px; font-family: 'Open Sans', Arial, sans-serif; text-align: justify;"">Lorem Ipsum</strong><span style=""font-family: 'Open Sans', Arial, sans-serif; text-align: justify;"">&nbsp;is simply dummy text of the printing and typesetting industry. Lorem Ipsum has been the industry's standard dummy text ever since the 1500s,</span></p>",500.00,,1,,,this-is-title-for-product,741114,1,77,20,gram,1,1,,1,0,23,"2021-12-22 11:27:13","2022-01-04 13:18:33",,
13,1,0,simple,,"Arif-1 This myc is title itsme for  product",media/61c30bb17844b.webp,"media/61c30b19981f6.jpg,media/61c30b2a2eeb3.jpg,media/61c30b29c4647.jpg,media/61b9bf5f7e2c5.jpg,media/Pulsar150.jpg,media/61b9bf5f6b05b.png","Lorem Ipsum is simply dummy text of the printing and typesetting industry. Lorem Ipsum has been the industry's standard dummy text ever since the 1500s,","<p>&nbsp;</p>
<p><strong style=""margin: 0px; padding: 0px; font-family: 'Open Sans', Arial, sans-serif; text-align: justify;"">Lorem Ipsum</strong><span style=""font-family: 'Open Sans', Arial, sans-serif; text-align: justify;"">&nbsp;is simply dummy text of the printing and typesetting industry. Lorem Ipsum has been the industry's standard dummy text ever since the 1500s,</span></p>",300.00,5.00,2,"2022-01-11 21:56:14","2022-01-20 22:52:12",this-is-title-for--product,C-487555,1,73,5,gram,1,1,,1,0,23,"2021-12-22 11:29:05","2022-01-04 13:18:28",,
14,4,1,simple,,"GoPro HERO9 Black - Waterproof Action Camera",media/61cae3a35ddea.jpg,"media/61cae3cd0bb00.jpg,media/61cae3ae254d9.jpg","GoPro HERO9 Black - Waterproof Action Camera with Front LCD and Touch Rear Screens, 5K Ultra HD Video, 20MP Photos, 1080p Live Streaming, Webcam, Stabilization","<p>GoPro HERO9 Black - Waterproof Action Camera with Front LCD and Touch Rear Screens, 5K Ultra HD Video, 20MP Photos, 1080p Live Streaming, Webcam, Stabilization</p>",38500.00,30000.00,1,"2022-01-19 12:05:55","2022-01-30 12:06:01",gopro-hero9-black---waterproof-action-camera-1-1-1-1,GOPROHERRO9,1,96,440,gram,1,1,1,1,0,23,"2021-12-28 10:49:32","2022-01-06 11:00:16",,
15,3,"38,32",variable,5,"16 DECEMBER Bijoy Debosh T-Shirt",media/61d01ac71afe0.webp,"media/61d01afeea386.webp,media/61d01ac71afe0.webp,media/61d01a95e512a.webp","This t-shirt is comfortable and can worn for regular use. It is a perfect wear for men like you. You will love to wear this luxurious and colorful shirt just for its versatile usability and diversified fashion sense. It is generally made of a light, great quality synthetic fabrics and are easy to clean. It is perfect to wear with jeans and gabardine pant.It is very versatile because it is useful on formal as well as casual occasion.","<div class=""html-content pdp-product-highlights"" style=""margin: 0px; padding: 11px 0px 16px; word-break: break-word; border-bottom: 1px solid #eff0f5; overflow: hidden; font-family: Roboto, -apple-system, BlinkMacSystemFont, 'Helvetica Neue', Helvetica, sans-serif; font-size: 12px;"">
<ul class="""" style=""margin: 0px; padding: 0px; list-style: none; overflow: hidden; columns: auto 2; column-gap: 32px;"">
<li class="""" style=""margin: 0px; padding: 0px 0px 0px 15px; position: relative; box-sizing: border-box; font-size: 14px; line-height: 18px; text-align: left; list-style: none; word-break: break-word; break-inside: avoid;"" data-spm-anchor-id=""a2a0e.pdp.product_detail.i3.a082P162P1621r"">Men's Half Sleeve T-shirt</li>
<li class="""" style=""margin: 0px; padding: 0px 0px 0px 15px; position: relative; box-sizing: border-box; font-size: 14px; line-height: 18px; text-align: left; list-style: none; word-break: break-word; break-inside: avoid;"">Fabrication: 150+ GSM</li>
<li class="""" style=""margin: 0px; padding: 0px 0px 0px 15px; position: relative; box-sizing: border-box; font-size: 14px; line-height: 18px; text-align: left; list-style: none; word-break: break-word; break-inside: avoid;"">Material: Taiwan CVC</li>
<li class="""" style=""margin: 0px; padding: 0px 0px 0px 15px; position: relative; box-sizing: border-box; font-size: 14px; line-height: 18px; text-align: left; list-style: none; word-break: break-word; break-inside: avoid;"">Gender: Men</li>
<li class="""" style=""margin: 0px; padding: 0px 0px 0px 15px; position: relative; box-sizing: border-box; font-size: 14px; line-height: 18px; text-align: left; list-style: none; word-break: break-word; break-inside: avoid;"">Product type: T-Shirt</li>
<li class="""" style=""margin: 0px; padding: 0px 0px 0px 15px; position: relative; box-sizing: border-box; font-size: 14px; line-height: 18px; text-align: left; list-style: none; word-break: break-word; break-inside: avoid;"">Sleeve: Half sleeve</li>
<li class="""" style=""margin: 0px; padding: 0px 0px 0px 15px; position: relative; box-sizing: border-box; font-size: 14px; line-height: 18px; text-align: left; list-style: none; word-break: break-word; break-inside: avoid;"">Fit: Custom fit</li>
<li class="""" style=""margin: 0px; padding: 0px 0px 0px 15px; position: relative; box-sizing: border-box; font-size: 14px; line-height: 18px; text-align: left; list-style: none; word-break: break-word; break-inside: avoid;"">Neck &amp; collar type: Round neck</li>
<li class="""" style=""margin: 0px; padding: 0px 0px 0px 15px; position: relative; box-sizing: border-box; font-size: 14px; line-height: 18px; text-align: left; list-style: none; word-break: break-word; break-inside: avoid;"">Comfortable casual wear</li>
<li class="""" style=""margin: 0px; padding: 0px 0px 0px 15px; position: relative; box-sizing: border-box; font-size: 14px; line-height: 18px; text-align: left; list-style: none; word-break: break-word; break-inside: avoid;"">Color: Skyblue Yellow &amp; White</li>
</ul>
</div>
<div class=""html-content detail-content"" style=""margin: 16px 0px 0px; padding: 0px 0px 16px; word-break: break-word; position: relative; height: auto; line-height: 19px; overflow-y: hidden; border-bottom: 1px solid #eff0f5; font-family: Roboto, -apple-system, BlinkMacSystemFont, 'Helvetica Neue', Helvetica, sans-serif; font-size: 12px;"" data-spm-anchor-id=""a2a0e.pdp.product_detail.i1.a082P162P1621r"">
<p style=""margin: 0px; padding: 8px 0px; font-size: 14px; white-space: pre-wrap;""><span style=""margin: 0px; padding: 0px;"" data-spm-anchor-id=""a2a0e.pdp.product_detail.i0.a082P162P1621r"">This t-shirt is comfortable and can worn for regular use. It is a perfect wear for men like you. You will love to wear this luxurious and colorful shirt just for its versatile usability and diversified fashion sense. It is generally made of a light, great quality synthetic fabrics and are easy to clean. It is perfect to wear with jeans and gabardine pant.It is very versatile because it is useful on formal as well as casual occasion. It is designed to be comfortable and durable.</span></p>
<p style=""margin: 0px; padding: 8px 0px; font-size: 14px; white-space: pre-wrap;"">&nbsp;</p>
</div>
<div class=""pdp-mod-specification"" style=""margin: 16px 0px 0px; padding: 0px 0px 10px; border-bottom: 1px solid #eff0f5; font-family: Roboto, -apple-system, BlinkMacSystemFont, 'Helvetica Neue', Helvetica, sans-serif;"">
<h2 class=""pdp-mod-section-title "" style=""margin: 0px; padding: 0px; font-weight: 500; font-family: Roboto-Medium; font-size: 16px; line-height: 19px; color: #212121; letter-spacing: 0px; overflow: hidden; text-overflow: ellipsis; white-space: nowrap;"">Specifications of 16 DECEMBER Bijoy Debosh T-Shirt</h2>
<div class=""pdp-general-features"" style=""margin: 0px; padding: 0px;"">
<ul class=""specification-keys"" style=""margin: 16px -15px 0px; padding: 0px; list-style: none; height: auto; box-sizing: border-box;"">
<li class=""key-li"" style=""margin: 0px 0px 8px; padding: 0px 15px; display: inline-block; box-sizing: border-box; width: 490px; vertical-align: top; line-height: 18px;""><span class=""key-title"" style=""margin: 0px 18px 0px 0px; padding: 0px; display: inline-block; width: 140px; vertical-align: top; color: #757575; word-break: break-word;"">Brand</span>
<div class=""html-content key-value"" style=""margin: 0px; padding: 0px; word-break: break-word; display: inline-block; width: 306px;"">No Brand</div>
</li>
<li class=""key-li"" style=""margin: 0px 0px 8px; padding: 0px 15px; display: inline-block; box-sizing: border-box; width: 490px; vertical-align: top; line-height: 18px;""><span class=""key-title"" style=""margin: 0px 18px 0px 0px; padding: 0px; display: inline-block; width: 140px; vertical-align: top; color: #757575; word-break: break-word;"">SKU</span>
<div class=""html-content key-value"" style=""margin: 0px; padding: 0px; word-break: break-word; display: inline-block; width: 306px;"">214764258_BD-1163514182</div>
</li>
<li class=""key-li"" style=""margin: 0px 0px 8px; padding: 0px 15px; display: inline-block; box-sizing: border-box; width: 490px; vertical-align: top; line-height: 18px;""><span class=""key-title"" style=""margin: 0px 18px 0px 0px; padding: 0px; display: inline-block; width: 140px; vertical-align: top; color: #757575; word-break: break-word;"">Main Material</span>
<div class=""html-content key-value"" style=""margin: 0px; padding: 0px; word-break: break-word; display: inline-block; width: 306px;"">Synthetic</div>
</li>
</ul>
</div>
<div class=""box-content"" style=""margin: 28px 0px 0px; padding: 0px;""><span class=""key-title"" style=""margin: 0px; padding: 0px; display: table-cell; width: 140px; color: #757575; word-break: break-word;"">What&rsquo;s in the box</span>
<div class=""html-content box-content-html"" style=""margin: 0px; padding: 0px 0px 0px 18px; word-break: break-word; display: table-cell;"">16 DECEMBER Bijoy Debosh T-Shirt</div>
</div>
</div>",250.00,,1,,,16-december-bijoy-debosh-t-shirt,,0,0,100,gram,0,1,0,1,0,26,"2022-01-01 09:18:01","2022-01-08 06:25:45",custom_options,"a:5:{i:0;a:4:{s:5:""title"";s:5:""Color"";s:4:""type"";s:5:""radio"";s:11:""is_required"";s:1:""1"";s:5:""value"";a:3:{i:0;a:5:{s:5:""title"";s:7:""Skyblue"";s:3:""sku"";s:10:""Skyblue001"";s:3:""qty"";s:3:""150"";s:13:""variant_image"";s:24:""media/61d01a95e512a.webp"";s:5:""price"";s:2:""10"";}i:1;a:5:{s:5:""title"";s:5:""White"";s:3:""sku"";s:8:""White001"";s:3:""qty"";s:3:""160"";s:13:""variant_image"";s:24:""media/61d01ac71afe0.webp"";s:5:""price"";s:2:""15"";}i:2;a:5:{s:5:""title"";s:6:""Yellow"";s:3:""sku"";s:9:""Yellow001"";s:3:""qty"";s:3:""140"";s:13:""variant_image"";s:24:""media/61d01afeea386.webp"";s:5:""price"";s:2:""20"";}}}i:1;a:4:{s:5:""title"";s:4:""Size"";s:4:""type"";s:8:""dropdown"";s:11:""is_required"";s:1:""1"";s:5:""value"";a:3:{i:0;a:5:{s:5:""title"";s:5:""small"";s:3:""sku"";s:6:""#aad12"";s:3:""qty"";N;s:13:""variant_image"";s:24:""media/61d01ac71afe0.webp"";s:5:""price"";s:2:""10"";}i:1;a:5:{s:5:""title"";s:6:""medium"";s:3:""sku"";s:5:""#aa13"";s:3:""qty"";N;s:13:""variant_image"";s:24:""media/61d01a95e512a.webp"";s:5:""price"";s:2:""15"";}i:2;a:5:{s:5:""title"";s:5:""large"";s:3:""sku"";s:5:""#aa14"";s:3:""qty"";N;s:13:""variant_image"";s:24:""media/61d01afeea386.webp"";s:5:""price"";s:2:""20"";}}}i:2;a:4:{s:5:""title"";s:6:""Weight"";s:4:""type"";s:8:""checkbox"";s:11:""is_required"";s:1:""1"";s:5:""value"";a:2:{i:0;a:4:{s:5:""title"";s:3:""1kg"";s:3:""sku"";s:6:""#aaa12"";s:3:""qty"";s:2:""10"";s:5:""price"";s:2:""10"";}i:1;a:4:{s:5:""title"";s:3:""2kg"";s:3:""sku"";s:6:""#aaa13"";s:3:""qty"";s:2:""15"";s:5:""price"";s:2:""15"";}}}i:3;a:4:{s:5:""title"";s:15:""Second Dropdown"";s:4:""type"";s:8:""dropdown"";s:11:""is_required"";s:1:""0"";s:5:""value"";a:2:{i:0;a:4:{s:5:""title"";s:5:""First"";s:3:""sku"";s:7:""#aaa124"";s:3:""qty"";s:2:""10"";s:5:""price"";s:1:""5"";}i:1;a:4:{s:5:""title"";s:6:""Second"";s:3:""sku"";s:6:""#aaa15"";s:3:""qty"";s:2:""10"";s:5:""price"";s:2:""10"";}}}i:4;a:4:{s:5:""title"";s:6:""verson"";s:4:""type"";s:8:""checkbox"";s:11:""is_required"";s:1:""1"";s:5:""value"";a:2:{i:0;a:4:{s:5:""title"";s:11:""Old version"";s:3:""sku"";s:6:""#ab123"";s:3:""qty"";s:2:""50"";s:5:""price"";s:1:""5"";}i:1;a:4:{s:5:""title"";s:10:""New verson"";s:3:""sku"";s:6:""#ab124"";s:3:""qty"";s:2:""50"";s:5:""price"";s:2:""60"";}}}}"
16,0,8,digital,,"Ghore Boshe Spoken English |10 Minute School | Online English Learning Course",media/61d16077e3835.webp,"media/61d16077e3835.webp,media/61d1607503c8a.webp","আত্মবিশ্বাসের সাথে এবং সাবলীলভাবে ইংরেজিতে কথা বলতে পারলে জীবনের প্রতিটি পর্যায়েই কিছুটা এগিয়ে থাকা যায়। পড়ালেখা, ক্যারিয়ার, প্রতিযোগিতামূলক পরীক্ষা এমনকি ভ্রমণের ক্ষেত্রেও ইংরেজির প্রয়োজনীয়তা ও গুরুত্ব অনেক।","<h2 class=""pdp-mod-section-title outer-title"" style=""margin: 0px; padding: 0px 24px; font-weight: 500; font-family: Roboto-Medium; font-size: 16px; line-height: 52px; color: #212121; overflow: hidden; text-overflow: ellipsis; white-space: nowrap; height: 52px; background: #fafafa;"" data-spm-anchor-id=""a2a0e.pdp.0.i2.eeb7jvFmjvFmWI"">Product details of Ghore Boshe Spoken English |10 Minute School | Online English Learning Course</h2>
<div class=""pdp-product-detail"" style=""margin: 0px; padding: 0px; position: relative; font-family: Roboto, -apple-system, BlinkMacSystemFont, 'Helvetica Neue', Helvetica, sans-serif; font-size: 12px;"" data-spm=""product_detail"">
<div class=""pdp-product-desc height-limit"" style=""margin: 0px; padding: 5px 14px 5px 24px; height: 780px; overflow-y: hidden; box-sizing: border-box;"">
<div class=""html-content pdp-product-highlights"" style=""margin: 0px; padding: 11px 0px 16px; word-break: break-word; border-bottom: 1px solid #eff0f5; overflow: hidden;"">
<ul class="""" style=""margin: 0px; padding: 0px; list-style: none; overflow: hidden; columns: auto 2; column-gap: 32px;"">
<li class="""" style=""margin: 0px; padding: 0px 0px 0px 15px; position: relative; box-sizing: border-box; font-size: 14px; line-height: 18px; text-align: left; list-style: none; word-break: break-word; break-inside: avoid;"">কোর্সটি থেকে আপনি কী কী শিখবেন?</li>
<li class="""" style=""margin: 0px; padding: 0px 0px 0px 15px; position: relative; box-sizing: border-box; font-size: 14px; line-height: 18px; text-align: left; list-style: none; word-break: break-word; break-inside: avoid;"">কীভাবে ইংরেজিতে কথা বলার দক্ষতা বাড়ানো যায়।</li>
<li class="""" style=""margin: 0px; padding: 0px 0px 0px 15px; position: relative; box-sizing: border-box; font-size: 14px; line-height: 18px; text-align: left; list-style: none; word-break: break-word; break-inside: avoid;"">কোনো জড়তা ছাড়াই কীভাবে দৈনন্দিন জীবনের বিভিন্ন পরিস্থিতিতে ইংরেজিতে কথা বলা যায়।</li>
<li class="""" style=""margin: 0px; padding: 0px 0px 0px 15px; position: relative; box-sizing: border-box; font-size: 14px; line-height: 18px; text-align: left; list-style: none; word-break: break-word; break-inside: avoid;"">ইংরেজিতে নিজের পরিচয় দেওয়া থেকে শুরু করে, প্রেজেন্টেশন দেওয়া, উপস্থাপনা করা, উচ্চারণ, অফিসের কথাবার্তা, চাকরি/ভিসার ইন্টারভিউ সব পরিস্থিতিকে ইংরেজিতে সামলানোর উপায় মিলবে এই কোর্সে।</li>
<li class="""" style=""margin: 0px; padding: 0px 0px 0px 15px; position: relative; box-sizing: border-box; font-size: 14px; line-height: 18px; text-align: left; list-style: none; word-break: break-word; break-inside: avoid;"">বহুল প্রচলিত কিছু ইংরেজি শব্দের সমার্থক ও বিপরীত শব্দ।</li>
<li class="""" style=""margin: 0px; padding: 0px 0px 0px 15px; position: relative; box-sizing: border-box; font-size: 14px; line-height: 18px; text-align: left; list-style: none; word-break: break-word; break-inside: avoid;"">একটি শব্দ শিখেই কীভাবে অনেকগুলো বাক্য তৈরি করা যায়।</li>
<li class="""" style=""margin: 0px; padding: 0px 0px 0px 15px; position: relative; box-sizing: border-box; font-size: 14px; line-height: 18px; text-align: left; list-style: none; word-break: break-word; break-inside: avoid;"">যেকোনো জায়গায় খুব সাবলীলভাবে গুছিয়ে কথা বলা।</li>
<li class="""" style=""margin: 0px; padding: 0px 0px 0px 15px; position: relative; box-sizing: border-box; font-size: 14px; line-height: 18px; text-align: left; list-style: none; word-break: break-word; break-inside: avoid;"">ইংরেজিতে কথা বলার ভয় দূর করা।</li>
<li class="""" style=""margin: 0px; padding: 0px 0px 0px 15px; position: relative; box-sizing: border-box; font-size: 14px; line-height: 18px; text-align: left; list-style: none; word-break: break-word; break-inside: avoid;"">আত্মবিশ্বাসের সাথে নির্ভুলভাবে ইংরেজিতে কথা বলা।</li>
</ul>
</div>
<div class=""html-content detail-content"" style=""margin: 16px 0px 0px; padding: 0px 0px 16px; word-break: break-word; position: relative; height: auto; line-height: 19px; overflow-y: hidden; border-bottom: 1px solid #eff0f5;"">
<p style=""margin: 0px; padding: 8px 0px; font-size: 14px; white-space: pre-wrap;""><span style=""margin: 0px; padding: 0px; font-size: 12pt; font-family: 'times new roman'; background-color: transparent; font-weight: bold; font-variant-numeric: normal; font-variant-east-asian: normal; vertical-align: baseline;"">কোর্স- এর বর্ণনা:</span></p>
<p style=""margin: 0px; padding: 8px 0px; font-size: 14px; line-height: 1.8; text-align: justify; white-space: pre-wrap;"" data-spm-anchor-id=""a2a0e.pdp.product_detail.i0.eeb7jvFmjvFmWI""><span style=""margin: 0px; padding: 0px; font-size: 11pt; font-family: arial; background-color: transparent; font-variant-numeric: normal; font-variant-east-asian: normal; vertical-align: baseline;"">আত্মবিশ্বাসের সাথে এবং সাবলীলভাবে ইংরেজিতে কথা বলতে পারলে জীবনের প্রতিটি পর্যায়েই কিছুটা এগিয়ে থাকা যায়। পড়ালেখা, ক্যারিয়ার, প্রতিযোগিতামূলক পরীক্ষা এমনকি ভ্রমণের ক্ষেত্রেও ইংরেজির প্রয়োজনীয়তা ও গুরুত্ব অনেক।</span></p>
<p style=""margin: 0px; padding: 8px 0px; font-size: 14px; line-height: 1.8; text-align: justify; white-space: pre-wrap;""><span style=""margin: 0px; padding: 0px; font-size: 11pt; font-family: arial; background-color: transparent; font-variant-numeric: normal; font-variant-east-asian: normal; vertical-align: baseline;"">অক্সফোর্ড বিশ্ববিদ্যালয়ের মুনজেরিন শহীদের সাথে শিখে নিন কীভাবে বাস্তব জীবনের বিভিন্ন পরিস্থিতিতে সাবলীলভাবে ইংরেজিতে কথা বলতে হয়। বাস্তব উদাহরণ এবং সঠিক উচ্চারণ শিখে আপনিও কোনো জড়তা ছাড়াই ইংরেজিতে কথা বলতে পারবেন।</span></p>
<p style=""margin: 0px; padding: 8px 0px; font-size: 14px; white-space: pre-wrap;"">&nbsp;</p>
<p style=""margin: 0px; padding: 8px 0px; font-size: 14px; line-height: 1.38; white-space: pre-wrap;""><span style=""margin: 0px; padding: 0px; font-size: 12pt; font-family: arial; background-color: transparent; font-weight: bold; font-variant-numeric: normal; font-variant-east-asian: normal; vertical-align: baseline;"">কোর্সে রয়েছে:</span></p>
<ul style=""margin: 0px 0px 0px 10px; padding: 0px; list-style-position: initial; list-style-image: initial; padding-inline-start: 48px;"">
<li style=""margin: 0px; padding: 0px; list-style-type: disc; font-size: 11pt; font-family: arial; background-color: transparent; font-variant-numeric: normal; font-variant-east-asian: normal; vertical-align: baseline; white-space: pre;"">
<p style=""margin: 0px; padding: 8px 0px; font-size: 14px; line-height: 1.8; white-space: pre-wrap;""><span style=""margin: 0px; padding: 0px; font-size: 11pt; background-color: transparent; font-variant-numeric: normal; font-variant-east-asian: normal; vertical-align: baseline;"">৮০+ সিচুয়েশনাল ভিডিও লেকচার</span></p>
</li>
<li style=""margin: 0px; padding: 0px; list-style-type: disc; font-size: 11pt; font-family: arial; background-color: transparent; font-variant-numeric: normal; font-variant-east-asian: normal; vertical-align: baseline; white-space: pre;"">
<p style=""margin: 0px; padding: 8px 0px; font-size: 14px; line-height: 1.8; white-space: pre-wrap;""><span style=""margin: 0px; padding: 0px; font-size: 11pt; background-color: transparent; font-variant-numeric: normal; font-variant-east-asian: normal; vertical-align: baseline;"">৮০+ চিটশিট</span></p>
</li>
<li style=""margin: 0px; padding: 0px; list-style-type: disc; font-size: 11pt; font-family: arial; background-color: transparent; font-variant-numeric: normal; font-variant-east-asian: normal; vertical-align: baseline; white-space: pre;"">
<p style=""margin: 0px; padding: 8px 0px; font-size: 14px; line-height: 1.8; white-space: pre-wrap;""><span style=""margin: 0px; padding: 0px; font-size: 11pt; background-color: transparent; font-variant-numeric: normal; font-variant-east-asian: normal; vertical-align: baseline;"">৮০+ অডিও লেকচার</span></p>
</li>
<li style=""margin: 0px; padding: 0px; list-style-type: disc; font-size: 11pt; font-family: arial; background-color: transparent; font-variant-numeric: normal; font-variant-east-asian: normal; vertical-align: baseline; white-space: pre;"">
<p style=""margin: 0px; padding: 8px 0px; font-size: 14px; line-height: 1.8; white-space: pre-wrap;""><span style=""margin: 0px; padding: 0px; font-size: 11pt; background-color: transparent; font-variant-numeric: normal; font-variant-east-asian: normal; vertical-align: baseline;"">৮০+ ভোকাবুলারি ফ্ল্যাশকার্ড</span></p>
</li>
<li style=""margin: 0px; padding: 0px; list-style-type: disc; font-size: 11pt; font-family: arial; background-color: transparent; font-variant-numeric: normal; font-variant-east-asian: normal; vertical-align: baseline; white-space: pre;"">
<p style=""margin: 0px; padding: 8px 0px; font-size: 14px; line-height: 1.8; white-space: pre-wrap;""><span style=""margin: 0px; padding: 0px; font-size: 11pt; background-color: transparent; font-variant-numeric: normal; font-variant-east-asian: normal; vertical-align: baseline;"">৮০+ কুইজ </span></p>
</li>
</ul>
</div>
</div>
</div>",450.00,,1,,,ghore-boshe-spoken-english-|10-minute-school-|-online-english-learning-course,ROBI10MINC1,1,1000,,,1,1,,1,0,23,"2022-01-02 08:22:20","2022-01-06 07:12:24",,
17,0,43,simple,,"Comfit LIFE Strap Sandal for Women",media/61d54635b962a.png,media/61d54635b962a.png,"Product details of Comfit LIFE Strap Sandal for Women
Product Type: LADIES COMFIT
Brand: COMFIT
Color: Black
Upper Material: Synthetic
Sole Material: TPR","<p>Product details of Comfit LIFE Strap Sandal for Women</p>
<p>Product Type: LADIES COMFIT</p>
<p>Brand: COMFIT</p>
<p>Color: Black</p>
<p>Upper Material: Synthetic</p>
<p>Sole Material: TPR</p>",1499.00,1349.00,1,,"2022-02-05 11:00:00",comfit-life-strap-sandal-for-women,AOfI10MINC1,1,200,6,inch,1,1,,1,0,35,"2022-01-05 07:19:49","2022-01-05 07:19:49",,
18,0,44,simple,,"Half Sleeve Digital Printed Tshirt for Menz Fashion",media/61d548f57596d.jpg,"media/61d548f57596d.jpg,media/61d548dc8f43f.jpg","100% Color GuaranteeProduct details of TshirtProduct Type: Full Sleeve T-shirtMain Material: Taiwan CVCGender: MenStylish and FashionableGsm: 160-170

Size: S, M, L, XL, XXL

Size: S-Length 26,Chest 36

Size: M-Length 27,Chest 38

Size: L-Length 28,Chest 40

Size : XL-Length 29,Chest 42

Size: XXL-Length 30,Chest 44","<div class=""html-content pdp-product-highlights"" style=""margin: 0px; padding: 11px 0px 16px; word-break: break-word; border-bottom: 1px solid #eff0f5; overflow: hidden; font-family: Roboto, -apple-system, BlinkMacSystemFont, 'Helvetica Neue', Helvetica, sans-serif; font-size: 12px;"" data-spm-anchor-id=""a2a0e.pdp.product_detail.i1.74d8LOTHLOTHqk"">
<ul class="""" style=""margin: 0px; padding: 0px; list-style: none; overflow: hidden; columns: auto 2; column-gap: 32px;"">
<li class="""" style=""margin: 0px; padding: 0px 0px 0px 15px; position: relative; box-sizing: border-box; font-size: 14px; line-height: 18px; text-align: left; list-style: none; word-break: break-word; break-inside: avoid; column-span: all;"" data-spm-anchor-id=""a2a0e.pdp.product_detail.i2.74d8LOTHLOTHqk"">100% Color GuaranteeProduct details of TshirtProduct Type: Full Sleeve T-shirtMain Material: Taiwan CVCGender: MenStylish and FashionableGsm: 160-170</li>
</ul>
</div>
<div class=""html-content detail-content"" style=""margin: 16px 0px 0px; padding: 0px 0px 16px; word-break: break-word; position: relative; height: auto; line-height: 19px; overflow-y: hidden; border-bottom: 1px solid #eff0f5; font-family: Roboto, -apple-system, BlinkMacSystemFont, 'Helvetica Neue', Helvetica, sans-serif; font-size: 12px;"">
<p style=""margin: 0px; padding: 8px 0px; font-size: 14px; white-space: pre-wrap;"" data-spm-anchor-id=""a2a0e.pdp.product_detail.i7.74d8LOTHLOTHqk"">&nbsp;</p>
<p style=""margin: 0px; padding: 8px 0px; font-size: 14px; white-space: pre-wrap;""><span style=""margin: 0px; padding: 0px;"">Size: S, M, L, XL, XXL</span></p>
<p style=""margin: 0px; padding: 8px 0px; font-size: 14px; white-space: pre-wrap;"" data-spm-anchor-id=""a2a0e.pdp.product_detail.i6.74d8LOTHLOTHqk""><span style=""margin: 0px; padding: 0px;"">Size: S-Length 26,Chest 36</span></p>
<p style=""margin: 0px; padding: 8px 0px; font-size: 14px; white-space: pre-wrap;""><span style=""margin: 0px; padding: 0px;"">Size: M-Length 27,Chest 38</span></p>
<p style=""margin: 0px; padding: 8px 0px; font-size: 14px; white-space: pre-wrap;""><span style=""margin: 0px; padding: 0px;"">Size: L-Length 28,Chest 40</span></p>
<p style=""margin: 0px; padding: 8px 0px; font-size: 14px; white-space: pre-wrap;""><span style=""margin: 0px; padding: 0px;"">Size : XL-Length 29,Chest 42</span></p>
<p style=""margin: 0px; padding: 8px 0px; font-size: 14px; white-space: pre-wrap;"" data-spm-anchor-id=""a2a0e.pdp.product_detail.i4.74d8LOTHLOTHqk""><span style=""margin: 0px; padding: 0px;"" data-spm-anchor-id=""a2a0e.pdp.product_detail.i5.74d8LOTHLOTHqk"">Size: XXL-Length 30,Chest 44</span></p>
</div>",115.00,85.00,1,,"2022-01-28 11:00:00",half-sleeve-digital-printed-tshirt-for-menz-fashion,BOfI10RKNC2,1,250,100,gram,1,1,,1,0,34,"2022-01-05 08:45:23","2022-01-05 08:45:23",,
19,0,35,simple,,"Signature Deodorant Body Spray Pour Femme - 200ml",media/61d9648021397.jpg,media/61d9648021397.jpg,"Product details of Signature Deodorant Body Spray Pour Femme - 200ml
Al Haramain Perfumes has been a front-runner in perfumery since 1970. We do what we love and so we always explore the changing trends to consistently cater for the tastes of our discerning customers. Al Haramain has successfully struck a chord with a growing number of perfume lovers all over the world.","<h2 class=""pdp-mod-section-title outer-title"" style=""margin: 0px; padding: 0px 24px; font-weight: 500; font-family: Roboto-Medium; font-size: 16px; line-height: 52px; color: #212121; overflow: hidden; text-overflow: ellipsis; white-space: nowrap; height: 52px; background: #fafafa;"" data-spm-anchor-id=""a2a0e.pdp.0.i4.3027yx61yx61rX"">&nbsp;</h2>
<div class=""pdp-product-detail"" style=""margin: 0px; padding: 0px; position: relative; font-family: Roboto, -apple-system, BlinkMacSystemFont, 'Helvetica Neue', Helvetica, sans-serif; font-size: 12px;"" data-spm=""product_detail"">
<div class=""pdp-product-desc "" style=""margin: 0px; padding: 5px 14px 5px 24px; height: auto; overflow-y: hidden; box-sizing: border-box;"" data-spm-anchor-id=""a2a0e.pdp.product_detail.i4.3027yx61yx61rX"">
<div class=""html-content pdp-product-highlights"" style=""margin: 0px; padding: 11px 0px 16px; word-break: break-word; border-bottom: 1px solid #eff0f5; overflow: hidden;"" data-spm-anchor-id=""a2a0e.pdp.product_detail.i3.3027yx61yx61rX"">
<p>Al Haramain Perfumes has been a front-runner in perfumery since 1970. We do what we love and so we always explore the changing trends to consistently cater for the tastes of our discerning customers. Al Haramain has successfully struck a chord with a growing number of perfume lovers all over the world.</p>
</div>
</div>
</div>",1200.00,850.00,1,,"2022-02-08 11:00:00",signature-deodorant-body-spray-pour-femme---200ml,AOfI10EGNM,1,200,100,gram,1,1,0,1,0,39,"2022-01-08 10:31:49","2022-01-08 10:31:49",,
20,6,41,simple,,"Mozammel Special Chinigura Rice",media/61d969950b817.jpg,,"The Mozammel Special Chinigura is a variety of aromatic rice mostly popular and cultivated in Bangladesh. This rice variety is totally white in color, thin and long in size with little bit round lower edge and pointy head. Chinigura is a variety of aromatic rice mostly popular and cultivated in Bangladesh. This rice variety is totally white in color, thin and long in size with little bit round lower edge and pointy head.","<p><span style=""font-family: Roboto, -apple-system, BlinkMacSystemFont, 'Helvetica Neue', Helvetica, sans-serif;"">The Mozammel Special Chinigura is a variety of aromatic rice mostly popular and cultivated in Bangladesh. This rice variety is totally white in color, thin and long in size with little bit round lower edge and pointy head. Chinigura is a variety of aromatic rice mostly popular and cultivated in Bangladesh. This rice variety is totally white in color, thin and long in size with little bit round lower edge and pointy head.</span></p>",180.00,120.00,1,,,mozammel-special-chinigura-rice,AOfI1LKMB,1,248,1,kg,1,1,0,1,0,33,"2022-01-08 10:38:20","2022-01-22 08:17:17",,
21,0,43,variable,,"Womens shoes",media/61d972b94c115.jpg,media/61d972af13d6e.jpg,"CONTENT: Bata excels in understated chic & succeeds in creating stylish pieces that transcend seasonal trends. These glittery ballet flats with shimmery upper, a round toe, a flat sole, a beautifully sleek bow & a graceful vibe overall. FEATURES: - Type: Ballet Flat - Gender: Women - Upper Material: Synthetic - Color: Golden - Sole: TPR - Closing: Closed STYLE TIPS: Wear these ballet flats with basic outfits & can also carry them with grace to dinner parties & hang-outs.","<p><span style=""font-family: Roboto, -apple-system, BlinkMacSystemFont, 'Helvetica Neue', Helvetica, sans-serif; font-size: 12px;"">CONTENT: Bata excels in understated chic &amp; succeeds in creating stylish pieces that transcend seasonal trends. These glittery ballet flats with shimmery upper, a round toe, a flat sole, a beautifully sleek bow &amp; a graceful vibe overall. FEATURES: - Type: Ballet Flat - Gender: Women - Upper Material: Synthetic - Color: Golden - Sole: TPR - Closing: Closed STYLE TIPS: Wear these ballet flats with basic outfits &amp; can also carry them with grace to dinner parties &amp; hang-outs.</span></p>",1000.00,980.00,1,,,womens-shoes,,0,100,100,gram,0,1,0,1,0,37,"2022-01-08 11:25:45","2022-01-22 08:21:14",custom_options,"a:1:{i:0;a:4:{s:5:""title"";s:5:""color"";s:4:""type"";s:8:""dropdown"";s:11:""is_required"";s:1:""1"";s:5:""value"";a:2:{i:0;a:5:{s:5:""title"";s:5:""color"";s:3:""sku"";s:5:""black"";s:3:""qty"";N;s:13:""variant_image"";s:23:""media/61d972ca7492b.jpg"";s:5:""price"";N;}i:1;a:5:{s:5:""title"";s:5:""color"";s:3:""sku"";s:4:""pink"";s:3:""qty"";N;s:13:""variant_image"";s:23:""media/61d972b94c115.jpg"";s:5:""price"";N;}}}}"
